1-1-1-1-1-1-1-1-1-1-1-1-1-1.md	30.md
1-1-1-1-1-1-1-1-1-1-1-1-1-2.md	10.md
1-1-1-1-1-1-1-1-1-1-1-1-1-3.md	57.md
1-1-1-1-1-1-1-1-1-1-1-1-1.md	6.md
1-1-1-1-1-1-1-1-1-1-1-1-2.md	29.md
1-1-1-1-1-1-1-1-1-1-1-1-A.md	3.md
1-1-1-1-1-1-1-1-1-1-1-1-B.md	9.md
1-1-1-1-1-1-1-1-1-1-1-2.md	47.md
1-1-1-1-1-1-1-1-1-1-1-A.md	2.md
1-1-1-1-1-1-1-1-1-1-1-B.md	5.md
1-1-1-1-1-1-1-1-1-1-2.md	46.md
1-1-1-1-1-1-1-1-1-1-A.md	7.md
1-1-1-1-1-1-1-1-1-1-B.md	4.md
1-1-1-1-1-1-1-1-1-2.md	50.md
1-1-1-1-1-1-1-1-1.md	8.md
1-1-1-1-1-1-1-1-2-A.md	20.md
1-1-1-1-1-1-1-1-2-B.md	17.md
1-1-1-1-1-1-1-1-A.md	38.md
1-1-1-1-1-1-1-1-B.md	21.md
1-1-1-1-1-1-1-2.md	13.md
1-1-1-1-1-1-1.md	44.md
1-1-1-1-1-1-2-A.md	58.md
1-1-1-1-1-1-2-B.md	56.md
1-1-1-1-1-1-A.md	16.md
1-1-1-1-1-1-B.md	54.md
1-1-1-1-1-2-A.md	14.md
1-1-1-1-1-2-B.md	19.md
1-1-1-1-1.md	35.md
1-1-1-1-2-A.md	51.md
1-1-1-1-2-B.md	23.md
1-1-1-1-A.md	62.md
1-1-1-1-B.md	41.md
1-1-1-2.md	45.md
1-1-1.md	49.md
1-1-2-1.md	53.md
1-1-2-2.md	28.md
1-1-2-3.md	18.md
1-1-2-A.md	12.md
1-1-2-B.md	32.md
1-1.md	31.md
1-2-1-1-1-1-1-1-A.md	48.md
1-2-1-1-1-1-1-1-B.md	63.md
1-2-1-1-1-1-1-2.md	15.md
1-2-1-1-1-1-1-A.md	42.md
1-2-1-1-1-1-1-B.md	61.md
1-2-1-1-1-1-2-A.md	60.md
1-2-1-1-1-1-2-B.md	36.md
1-2-1-1-1-1-A.md	39.md
1-2-1-1-1-1-B.md	37.md
1-2-1-1-1-2.md	25.md
1-2-1-1-1-A.md	52.md
1-2-1-1-1-B.md	34.md
1-2-1-1-2.md	22.md
1-2-1-1-A.md	27.md
1-2-1-1-B.md	11.md
1-2-1-2.md	59.md
1-2-1-A.md	55.md
1-2-1-B.md	33.md
1-2-2-A.md	40.md
1-2-2-B.md	24.md
1-2-A.md	26.md
1-2-B.md	43.md
1.md	1.md
