30.md	1-1-1-1-1-1-1-1-1-1-1-1-1-1.md
10.md	1-1-1-1-1-1-1-1-1-1-1-1-1-2.md
57.md	1-1-1-1-1-1-1-1-1-1-1-1-1-3.md
6.md	1-1-1-1-1-1-1-1-1-1-1-1-1.md
29.md	1-1-1-1-1-1-1-1-1-1-1-1-2.md
3.md	1-1-1-1-1-1-1-1-1-1-1-1-A.md
9.md	1-1-1-1-1-1-1-1-1-1-1-1-B.md
47.md	1-1-1-1-1-1-1-1-1-1-1-2.md
2.md	1-1-1-1-1-1-1-1-1-1-1-A.md
5.md	1-1-1-1-1-1-1-1-1-1-1-B.md
46.md	1-1-1-1-1-1-1-1-1-1-2.md
7.md	1-1-1-1-1-1-1-1-1-1-A.md
4.md	1-1-1-1-1-1-1-1-1-1-B.md
50.md	1-1-1-1-1-1-1-1-1-2.md
8.md	1-1-1-1-1-1-1-1-1.md
20.md	1-1-1-1-1-1-1-1-2-A.md
17.md	1-1-1-1-1-1-1-1-2-B.md
38.md	1-1-1-1-1-1-1-1-A.md
21.md	1-1-1-1-1-1-1-1-B.md
13.md	1-1-1-1-1-1-1-2.md
44.md	1-1-1-1-1-1-1.md
58.md	1-1-1-1-1-1-2-A.md
56.md	1-1-1-1-1-1-2-B.md
16.md	1-1-1-1-1-1-A.md
54.md	1-1-1-1-1-1-B.md
14.md	1-1-1-1-1-2-A.md
19.md	1-1-1-1-1-2-B.md
35.md	1-1-1-1-1.md
51.md	1-1-1-1-2-A.md
23.md	1-1-1-1-2-B.md
62.md	1-1-1-1-A.md
41.md	1-1-1-1-B.md
45.md	1-1-1-2.md
49.md	1-1-1.md
53.md	1-1-2-1.md
28.md	1-1-2-2.md
18.md	1-1-2-3.md
12.md	1-1-2-A.md
32.md	1-1-2-B.md
31.md	1-1.md
48.md	1-2-1-1-1-1-1-1-A.md
63.md	1-2-1-1-1-1-1-1-B.md
15.md	1-2-1-1-1-1-1-2.md
42.md	1-2-1-1-1-1-1-A.md
61.md	1-2-1-1-1-1-1-B.md
60.md	1-2-1-1-1-1-2-A.md
36.md	1-2-1-1-1-1-2-B.md
39.md	1-2-1-1-1-1-A.md
37.md	1-2-1-1-1-1-B.md
25.md	1-2-1-1-1-2.md
52.md	1-2-1-1-1-A.md
34.md	1-2-1-1-1-B.md
22.md	1-2-1-1-2.md
27.md	1-2-1-1-A.md
11.md	1-2-1-1-B.md
59.md	1-2-1-2.md
55.md	1-2-1-A.md
33.md	1-2-1-B.md
40.md	1-2-2-A.md
24.md	1-2-2-B.md
26.md	1-2-A.md
43.md	1-2-B.md
1.md	1.md
